{
    "name": "root",
    "gauges": {
        "Reacher.Policy.Entropy.mean": {
            "value": 0.3460436165332794,
            "min": 0.3460436165332794,
            "max": 0.3460436165332794,
            "count": 1
        },
        "Reacher.Environment.EpisodeLength.mean": {
            "value": 999.0,
            "min": 999.0,
            "max": 999.0,
            "count": 1
        },
        "Reacher.Policy.ExtrinsicValueEstimate.mean": {
            "value": 17.247079849243164,
            "min": 17.247079849243164,
            "max": 17.247079849243164,
            "count": 1
        },
        "Reacher.Environment.CumulativeReward.mean": {
            "value": 84.64118234734786,
            "min": 84.64118234734786,
            "max": 84.64118234734786,
            "count": 1
        },
        "Reacher.Policy.ExtrinsicReward.mean": {
            "value": 84.64118234734786,
            "min": 84.64118234734786,
            "max": 84.64118234734786,
            "count": 1
        },
        "Reacher.IsTraining.mean": {
            "value": 1.0,
            "min": 1.0,
            "max": 1.0,
            "count": 1
        }
    },
    "metadata": {
        "timer_format_version": "0.1.0",
        "start_time_seconds": "1598882652",
        "python_version": "3.7.3 (default, Jun  2 2020, 19:48:59) \n[Clang 11.0.3 (clang-1103.0.32.62)]",
        "command_line_arguments": "/usr/local/bin/mlagents-learn config/ppo/Reacher.yaml --run-id=sparseReward3 --resume",
        "mlagents_version": "0.17.0",
        "mlagents_envs_version": "0.17.0",
        "communication_protocol_version": "1.0.0",
        "tensorflow_version": "2.2.0",
        "end_time_seconds": "1598882707"
    },
    "total": 55.0281727,
    "count": 1,
    "self": 0.005692840999998339,
    "children": {
        "run_training.setup": {
            "total": 0.014129643000000414,
            "count": 1,
            "self": 0.014129643000000414
        },
        "TrainerController.start_learning": {
            "total": 55.008350216,
            "count": 1,
            "self": 2.679099037000114,
            "children": {
                "TrainerController._reset_env": {
                    "total": 12.83828419,
                    "count": 1,
                    "self": 12.83828419
                },
                "TrainerController.advance": {
                    "total": 39.29729890199988,
                    "count": 2834,
                    "self": 0.03262641099973962,
                    "children": {
                        "env_step": {
                            "total": 39.26467249100014,
                            "count": 2834,
                            "self": 36.27792083899972,
                            "children": {
                                "SubprocessEnvManager._take_step": {
                                    "total": 2.949099518000075,
                                    "count": 2834,
                                    "self": 0.11929955600006537,
                                    "children": {
                                        "NNPolicy.evaluate": {
                                            "total": 2.82979996200001,
                                            "count": 2834,
                                            "self": 2.82979996200001
                                        }
                                    }
                                },
                                "workers": {
                                    "total": 0.037652134000349946,
                                    "count": 2833,
                                    "self": 0.0,
                                    "children": {
                                        "worker_root": {
                                            "total": 54.54609615600004,
                                            "count": 2833,
                                            "is_parallel": true,
                                            "self": 24.092022102000346,
                                            "children": {
                                                "run_training.setup": {
                                                    "total": 0.0,
                                                    "count": 0,
                                                    "is_parallel": true,
                                                    "self": 0.0,
                                                    "children": {
                                                        "steps_from_proto": {
                                                            "total": 0.0011748910000015655,
                                                            "count": 1,
                                                            "is_parallel": true,
                                                            "self": 0.00022291600000201583,
                                                            "children": {
                                                                "_process_vector_observation": {
                                                                    "total": 0.0009519749999995497,
                                                                    "count": 2,
                                                                    "is_parallel": true,
                                                                    "self": 0.0009519749999995497
                                                                }
                                                            }
                                                        },
                                                        "UnityEnvironment.step": {
                                                            "total": 0.019636124000001587,
                                                            "count": 1,
                                                            "is_parallel": true,
                                                            "self": 0.00023598100000299382,
                                                            "children": {
                                                                "UnityEnvironment._generate_step_input": {
                                                                    "total": 0.00027872899999792367,
                                                                    "count": 1,
                                                                    "is_parallel": true,
                                                                    "self": 0.00027872899999792367
                                                                },
                                                                "communicator.exchange": {
                                                                    "total": 0.018470396000001443,
                                                                    "count": 1,
                                                                    "is_parallel": true,
                                                                    "self": 0.018470396000001443
                                                                },
                                                                "steps_from_proto": {
                                                                    "total": 0.000651017999999226,
                                                                    "count": 1,
                                                                    "is_parallel": true,
                                                                    "self": 0.00017483899999959363,
                                                                    "children": {
                                                                        "_process_vector_observation": {
                                                                            "total": 0.0004761789999996324,