{
    "name": "root",
    "gauges": {
        "Reacher.Policy.Entropy.mean": {
            "value": 0.9339792132377625,
            "min": 0.9339792132377625,
            "max": 1.4182583093643188,
            "count": 82
        },
        "Reacher.Environment.EpisodeLength.mean": {
            "value": 1050.7241379310344,
            "min": 999.0,
            "max": 1050.7241379310344,
            "count": 82
        },
        "Reacher.Policy.ExtrinsicValueEstimate.mean": {
            "value": 0.687972903251648,
            "min": -0.34293583035469055,
            "max": 0.6926965713500977,
            "count": 82
        },
        "Reacher.Environment.CumulativeReward.mean": {
            "value": 3.566619408541712,
            "min": -3.9202004177816985,
            "max": 3.6481971740722656,
            "count": 82
        },
        "Reacher.Policy.ExtrinsicReward.mean": {
            "value": 3.566619408541712,
            "min": -3.9202004177816985,
            "max": 3.6481971740722656,
            "count": 82
        },
        "Reacher.Losses.ValueLoss.mean": {
            "value": 0.01637376844882965,
            "min": 0.009697310626506805,
            "max": 0.057128604501485825,
            "count": 82
        },
        "Reacher.Losses.PolicyLoss.mean": {
            "value": 0.03501370549201965,
            "min": 0.031269900500774384,
            "max": 0.03983909636735916,
            "count": 82
        },
        "Reacher.Policy.LearningRate.mean": {
            "value": 0.00022680000984109938,
            "min": 0.00022680000984109938,
            "max": 0.0002993999805767089,
            "count": 82
        },
        "Reacher.Policy.Epsilon.mean": {
            "value": 0.17559999227523804,
            "min": 0.17559999227523804,
            "max": 0.1998000144958496,
            "count": 82
        },
        "Reacher.Policy.Beta.mean": {
            "value": 0.0007584401755593717,
            "min": 0.0007584401755593717,
            "max": 0.0009980200557038188,
            "count": 82
        },
        "Reacher.IsTraining.mean": {
            "value": 1.0,
            "min": 1.0,
            "max": 1.0,
            "count": 82
        }
    },
    "metadata": {
        "timer_format_version": "0.1.0",
        "start_time_seconds": "1598882768",
        "python_version": "3.7.3 (default, Jun  2 2020, 19:48:59) \n[Clang 11.0.3 (clang-1103.0.32.62)]",
        "command_line_arguments": "/usr/local/bin/mlagents-learn config/ppo/Reacher.yaml --run-id=sparseReward5",
        "mlagents_version": "0.17.0",
        "mlagents_envs_version": "0.17.0",
        "communication_protocol_version": "1.0.0",
        "tensorflow_version": "2.2.0",
        "end_time_seconds": "1598886441"
    },
    "total": 3672.626469665,
    "count": 1,
    "self": 0.017430005999813147,
    "children": {
        "run_training.setup": {
            "total": 0.011874565000000281,
            "count": 1,
            "self": 0.011874565000000281
        },
        "TrainerController.start_learning": {
            "total": 3672.597165094,
            "count": 1,
            "self": 160.77507734493793,
            "children": {
                "TrainerController._reset_env": {
                    "total": 8.87419148,
                    "count": 1,
                    "self": 8.87419148
                },
                "TrainerController.advance": {
                    "total": 3502.6873248150628,
                    "count": 247117,
                    "self": 3.002988565076066,
                    "children": {
                        "env_step": {
                            "total": 3499.6843362499867,
                            "count": 247117,
                            "self": 3229.865926282962,
                            "children": {
                                "SubprocessEnvManager._take_step": {
                                    "total": 266.2468654779445,
                                    "count": 247117,
                                    "self": 10.646841497078356,
                                    "children": {
                                        "NNPolicy.evaluate": {
                                            "total": 255.60002398086613,
                                            "count": 247117,
                                            "self": 255.60002398086613
                                        }
                                    }
                                },
                                "workers": {
                                    "total": 3.57154448908015,
                                    "count": 247116,
                                    "self": 0.0,
                                    "children": {
                                        "worker_root": {
                                            "total": 3662.7773211620856,
                                            "count": 247116,
                                            "is_parallel": true,
                                            "self": 1030.5717834441648,
                                            "children": {
                                                "run_training.setup": {
                                                    "total": 0.0,
                                                    "count": 0,
                                                    "is_parallel": true,
                                                    "self": 0.0,
                                                    "children": {
                                                        "steps_from_proto": {
                                                            "total": 0.0011324720000001065,
                                                            "count": 1,
                                                            "is_parallel": true,
                                                            "self": 0.00019433800000179247,
                                                            "children": {
                                                                "_process_vector_observation": {
                                                                    "total": 0.000938133999998314,
                                                                    "count": 2,
                                                                    "is_parallel": true,
                                                                    "self": 0.000938133999998314
                                                                }
                                                            }
                                                        },
                                                        "UnityEnvironment.step": {
                                                            "total": 0.01962167500000156,
                                                            "count": 1,
                                                            "is_parallel": true,
                                                            "self": 0.00021252600000032373,
                                                            "children": {
                                                                "UnityEnvironment._generate_step_input": {
                                                                    "total": 0.0003205420000007564,
                                                                    "count": 1,
                                                                    "is_parallel": true,
                                                                    "self": 0.0003205420000007564
                                                                },
                                                                "communicator.exchange": {
                                                                    "total": 0.01854291200000091,
                                                                    "count": 1,