{
    "name": "root",
    "gauges": {
        "Reacher.Policy.Entropy.mean": {
            "value": 0.7247403264045715,
            "min": 0.7246788144111633,
            "max": 1.4196765422821045,
            "count": 121
        },
        "Reacher.RT.mean": {
            "value": 3.884920634920635,
            "min": 3.748062015503876,
            "max": 123.11764705882354,
            "count": 121
        },
        "Reacher.Environment.EpisodeLength.mean": {
            "value": 999.0,
            "min": 999.0,
            "max": 1050.7241379310344,
            "count": 121
        },
        "Reacher.Policy.ExtrinsicValueEstimate.mean": {
            "value": 0.6760526895523071,
            "min": -0.338296115398407,
            "max": 0.7051937580108643,
            "count": 121
        },
        "Reacher.Environment.CumulativeReward.mean": {
            "value": 3.340476052514438,
            "min": -3.8264948006333976,
            "max": 3.5730106090677194,
            "count": 121
        },
        "Reacher.Policy.ExtrinsicReward.mean": {
            "value": 3.340476052514438,
            "min": -3.8264948006333976,
            "max": 3.5730106090677194,
            "count": 121
        },
        "Reacher.Losses.ValueLoss.mean": {
            "value": 0.01232870388776064,
            "min": 0.003340855473652482,
            "max": 0.048073332756757736,
            "count": 121
        },
        "Reacher.Losses.PolicyLoss.mean": {
            "value": 0.034043412655591965,
            "min": 0.03260550647974014,
            "max": 0.03842628002166748,
            "count": 121
        },
        "Reacher.Policy.LearningRate.mean": {
            "value": 0.00019170003361068666,
            "min": 0.00019170003361068666,
            "max": 0.0002993999805767089,
            "count": 121
        },
        "Reacher.Policy.Epsilon.mean": {
            "value": 0.1639000028371811,
            "min": 0.1639000028371811,
            "max": 0.1998000144958496,
            "count": 121
        },
        "Reacher.Policy.Beta.mean": {
            "value": 0.0006426101317629218,
            "min": 0.0006426101317629218,
            "max": 0.0009980200557038188,
            "count": 121
        },
        "Reacher.IsTraining.mean": {
            "value": 1.0,
            "min": 1.0,
            "max": 1.0,
            "count": 121
        }
    },
    "metadata": {
        "timer_format_version": "0.1.0",
        "start_time_seconds": "1598888556",
        "python_version": "3.7.3 (default, Jun  2 2020, 19:48:59) \n[Clang 11.0.3 (clang-1103.0.32.62)]",
        "command_line_arguments": "/usr/local/bin/mlagents-learn config/ppo/Reacher.yaml --run-id=sparseReward6",
        "mlagents_version": "0.17.0",
        "mlagents_envs_version": "0.17.0",
        "communication_protocol_version": "1.0.0",
        "tensorflow_version": "2.2.0",
        "end_time_seconds": "1598893691"
    },
    "total": 5135.039835852,
    "count": 1,
    "self": 0.007102442000359588,
    "children": {
        "run_training.setup": {
            "total": 0.014698333000000119,
            "count": 1,
            "self": 0.014698333000000119
        },
        "TrainerController.start_learning": {
            "total": 5135.018035077,
            "count": 1,
            "self": 224.4559600959965,
            "children": {
                "TrainerController._reset_env": {
                    "total": 4.308317217999999,
                    "count": 1,
                    "self": 4.308317217999999
                },
                "TrainerController.advance": {
                    "total": 4906.102002639002,
                    "count": 363059,
                    "self": 4.375863000251229,
                    "children": {
                        "env_step": {
                            "total": 4901.726139638751,
                            "count": 363059,
                            "self": 4516.697179517929,
                            "children": {
                                "SubprocessEnvManager._take_step": {
                                    "total": 379.93274413684856,
                                    "count": 363059,
                                    "self": 15.294054633944427,
                                    "children": {
                                        "NNPolicy.evaluate": {
                                            "total": 364.6386895029041,
                                            "count": 363059,
                                            "self": 364.6386895029041
                                        }
                                    }
                                },
                                "workers": {
                                    "total": 5.096215983973776,
                                    "count": 363058,
                                    "self": 0.0,
                                    "children": {
                                        "worker_root": {
                                            "total": 5122.149680875914,
                                            "count": 363058,
                                            "is_parallel": true,
                                            "self": 1456.9040360910012,
                                            "children": {
                                                "run_training.setup": {
                                                    "total": 0.0,
                                                    "count": 0,
                                                    "is_parallel": true,
                                                    "self": 0.0,
                                                    "children": {
                                                        "steps_from_proto": {
                                                            "total": 0.0011039589999999322,
                                                            "count": 1,
                                                            "is_parallel": true,
                                                            "self": 0.00022609299999842847,
                                                            "children": {
                                                                "_process_vector_observation": {
                                                                    "total": 0.0008778660000015037,
                                                                    "count": 2,
                                                                    "is_parallel": true,
                                                                    "self": 0.0008778660000015037
                                                                }
                                                            }
                                                        },
                                                        "UnityEnvironment.step": {
                                                            "total": 0.02139866899999987,
                                                            "count": 1,
                                                            "is_parallel": true,
                                                            "self": 0.00023490299999906483,
                                                            "children": {
                                                                "UnityEnvironment._generate_step_input": {
                                                                    "total": 0.00026728500000139377,
                                                                    "count": 1,
                                                                    "is_parallel": true,
                                                                    "self": 0.00026728500000139377
                                                                },